Azinhaga Nuno Antunes 07,Casa 8,0947-589,Guimarães,Viseu
Avenida Luísa Silva 182,Casa 2,2394-740,Vizela,Leiria
N579-2 2,Lote 22,8459-501,Vale de Cambra,Portalegre
N178-1 796,Bloco 71,0824-465,Moura,Lisboa
N9 1,Lote 63,1200-360,Póvoa de Varzim,Leiria
N311 118,Apto. 390,2000-070,Torres Vedras,Bragança
Rua Aurora Freitas 386,Apto. 455,6422-687,Gouveia,Braga
N009 95,Lote 54,5460-948,Reguengos de Monsaraz,Setúbal
N8 0,Lote 97,7105-500,Ponta Delgada,Beja
N2 959,Casa 2,9760-589,Elvas,Viseu
Quinta Francisca Albuquerque 56,Bloco 22,5146-064,São Mamede de Infesta,Leiria
N5 03,Lote 62,2901-353,Vila Real de Santo António,Porto
N258-6 17,Casa 7,2122-844,Machico,Guarda
N22 36,Lote 42,5683-033,Amarante,Aveiro
N395-0 87,Bloco 81,0652-798,Mangualde,Guarda
Azinhaga Sebastião Abreu 4,Casa 8,8091-418,Fundão,Santarém
N41 5366,Bloco 62,0491-508,Serpa,Coimbra
N188-6 21,Lote 32,3187-095,Tondela,Vila Real
N7 977,Casa 3,3107-850,Esmoriz,Coimbra
N40 92,Bloco 03,2857-686,Fiães,Viseu
N02 6192,Casa 6,2258-704,Quarteira,Vila Real
Azinhaga David Pacheco 697,Bloco 20,8463-656,Macedo de Cavaleiros,Santarém
N693 87,Casa 1,5979-053,Vizela,Braga
N884 90,Bloco 02,3211-829,Oliveira do Bairro,Vila Real
N841-2 72,Bloco 98,6674-272,São Salvador de Lordelo,Setúbal
N130-0 36,Bloco 37,4395-752,Alfena,Portalegre
N77 28,Apto. 919,9636-219,Silves,Leiria
N119-3 442,Bloco 13,3248-461,Estremoz,Coimbra
Beco Leonardo Garcia 2694,Lote 79,7306-944,Miranda do Douro,Coimbra
N581 400,Bloco 79,8037-088,Sabugal,Santarém
N886 8588,Lote 15,3933-895,Fafe,Guarda
N57 5356,Bloco 06,9951-272,Abrantes,Beja
N11 107,Apto. 814,1769-101,Santiago do Cacém,Santarém
Escadas Xavier Magalhães 882,Apto. 868,7364-817,Aveiro,Aveiro
N307-6 9,Apto. 805,5845-439,Serpa,Braga
N526 088,Lote 66,9279-297,Vila Nova de Foz Côa,Viseu
N57 95,Casa 5,2384-687,Vila Baleira (a.k.a. Porto Santo),Vila Real
N56 2291,Apto. 880,5513-533,Portimão,Braga
N0 31,Casa 1,6779-164,Lixa,Aveiro
N379-7 921,Lote 83,4377-376,Alfena,Braga
N024 6,Casa 5,3335-358,Macedo de Cavaleiros,Coimbra
N965 45,Lote 88,5752-968,Oliveira do Hospital,Santarém
Praceta Soraia Nogueira 3678,Bloco 78,3752-516,Fundão,Beja
N528-3 938,Lote 50,1903-473,Amadora,Aveiro
N90 057,Apto. 300,7186-090,Estarreja,Leiria
N73 8,Bloco 75,4252-833,Ponte de Sor,Porto
N455-4 4336,Lote 53,7527-805,Montijo,Beja
N439 45,Apto. 768,7992-963,Espinho,Faro
N2 6,Lote 49,5435-205,Lixa,Braga
Praceta Ema Raposo 3235,Casa 5,9528-960,Lixa,Castelo Branco
N545-7 88,Casa 1,8945-985,Vila Nova de Santo André,Setúbal
N76 0,Apto. 812,8368-924,Maia,Coimbra
N71 75,Casa 3,1639-891,Évora,Beja
Travessa Cecília Mendes 7074,Lote 75,1426-417,Fátima,Faro
N98 8992,Bloco 69,0455-582,Ermesinde,Setúbal
N343-6 7,Bloco 68,5506-107,Vila Nova de Foz Côa,Évora
N443 5,Apto. 105,4160-945,Póvoa de Varzim,Faro
N0 6760,Lote 79,3087-365,Fafe,Bragança
Caminho Paulo Silva 70,Casa 3,6545-222,Vila Real,Porto
Escadas Filipa Reis 9988,Apto. 672,3320-328,Leiria,Évora
N1 2,Casa 5,6146-147,Barcelos,Braga
N524-6 6,Bloco 09,7254-433,Espinho,Braga
N8 2,Apto. 480,4359-838,Gouveia,Beja
N597-3 5397,Lote 63,1774-099,Câmara de Lobos,Beja
N7 12,Lote 68,2278-424,Paredes,Vila Real
N150-9 895,Bloco 52,4006-345,Odivelas,Leiria
N030 71,Lote 42,0232-727,Setúbal,Aveiro
N661-1 0603,Apto. 173,2369-358,Vila do Conde,Viseu
N558-9 4237,Lote 95,4333-347,Guimarães,Castelo Branco
N422-9 7,Apto. 060,9319-214,Vila Nova de Santo André,Faro
N2 257,Apto. 031,7472-699,Machico,Leiria
N66 65,Lote 16,8339-216,Ponta Delgada,Viana do Castelo
N8 33,Casa 2,8926-355,Mirandela,Faro
N87 40,Apto. 774,2012-833,Mealhada,Leiria
N757-7 3,Apto. 142,1782-129,Seia,Beja
N255 5,Casa 0,6847-247,Espinho,Évora
N1 63,Bloco 53,3486-551,Penafiel,Évora
Jardim Santiago Nobre 903,Apto. 941,1019-412,Leiria,Évora
N197-9 0847,Apto. 113,4814-303,Horta,Bragança
N84 288,Bloco 42,4025-086,Valongo,Bragança
N946-4 0,Lote 50,2971-691,Estarreja,Castelo Branco
N1 633,Bloco 63,1112-230,Santiago do Cacém,Portalegre
N8 220,Bloco 00,4893-377,Trofa,Portalegre
N649-4 37,Apto. 124,9312-804,Guarda,Portalegre
N554 127,Apto. 822,0875-517,Vila Franca de Xira,Castelo Branco
Ladeira Bruno Nogueira 29,Lote 89,1050-870,Esmoriz,Bragança
N4 38,Lote 91,3885-315,Trancoso,Guarda
N9 34,Apto. 613,2908-204,Santiago do Cacém,Beja
N353-3 6,Lote 17,8816-644,Paços de Ferreira,Aveiro
N6 0,Bloco 74,5278-345,Portalegre,Vila Real
N331-5 8,Bloco 10,5140-481,Gandra,Guarda
Praça Ângelo Ramos 9,Lote 79,3110-018,Figueira da Foz,Lisboa
N09 0,Apto. 747,6984-347,Montijo,Porto
N266-0 6451,Lote 10,2446-644,Fafe,Viana do Castelo
Viela Fabiana Lopes 990,Bloco 28,6479-351,Alcobaça,Évora
N9 1515,Casa 8,3814-234,Santa Maria da Feira,Lisboa
Ladeira Martim Valente 4210,Lote 76,6672-333,Sabugal,Setúbal
N2 36,Casa 0,1074-816,Funchal,Leiria
N387 2,Lote 52,5686-034,Marco de Canaveses,Porto
N362 4315,Bloco 94,6807-209,Câmara de Lobos,Faro
N474 6,Lote 02,8856-053,Lagoa,Beja
N65 42,Bloco 88,2251-614,Esposende,Braga
N27 84,Lote 35,1979-995,Vendas Novas,Viseu
N76 576,Bloco 96,1026-636,Valongo,Porto
N971 534,Bloco 56,1739-129,Porto,Guarda
N080 38,Casa 4,9936-161,Valpaços,Porto
Beco Sebastião Campos 925,Bloco 65,8244-901,Anadia,Setúbal
N013-4 0,Casa 3,5890-980,Vila Real de Santo António,Leiria
N0 180,Apto. 939,5966-162,Ribeira Grande,Viseu
N990-2 76,Lote 54,7824-547,Cartaxo,Setúbal
N6 7,Apto. 517,9597-748,Maia,Viseu
N5 2599,Apto. 980,4825-014,Vizela,Porto
Viela Rafael Pires 8,Casa 3,6932-080,Guimarães,Portalegre
N107 8,Casa 1,0108-538,Reguengos de Monsaraz,Évora
N68 8482,Casa 9,9401-898,Agualva-Cacém,Aveiro
Calçada Dinis Brito 3100,Lote 32,7972-469,Vizela,Leiria
N319 1752,Lote 23,0548-135,Valbom,Bragança
N554-9 5,Casa 6,2126-704,Peso da Régua,Vila Real
N1 1,Bloco 93,2201-613,Lagos,Setúbal
N774-6 72,Casa 8,3475-687,Tavira,Coimbra
N63 9,Lote 92,1799-945,Gafanha da Nazaré,Leiria
N948-4 651,Lote 90,4754-853,Braga,Castelo Branco
N105 82,Casa 0,2081-635,Leiria,Leiria
N04 2934,Apto. 344,6680-197,Funchal,Lisboa
N480-9 14,Casa 0,2562-489,Almada,Setúbal
N155 258,Bloco 27,8471-296,Caldas da Rainha,Viseu
N817 04,Bloco 05,7655-006,Rio Maior,Leiria
N07 744,Apto. 277,6602-126,Tarouca,Évora
N560-7 5725,Lote 42,7729-060,Vila Nova de Foz Côa,Faro
N61 252,Casa 0,9626-354,São Mamede de Infesta,Portalegre
N422 3593,Lote 63,5443-597,Abrantes,Lisboa
N909 248,Bloco 77,9886-315,Ílhavo,Coimbra
N9 1,Bloco 06,5443-741,Braga,Setúbal
N936 3,Bloco 42,1038-918,Vale de Cambra,Aveiro
N24 049,Casa 6,1013-828,Anadia,Braga
N271 34,Bloco 69,2323-265,Maia,Guarda
N703 781,Lote 77,2475-922,Vila Nova de Gaia,Beja
N403 8314,Apto. 059,7137-844,Rebordosa,Porto
Largo Madalena Melo 10,Bloco 41,8862-164,Almada,Évora
N964-8 616,Casa 3,6651-043,Maia,Castelo Branco
N083-6 9082,Casa 4,3470-545,Anadia,Viana do Castelo
N629 087,Apto. 746,5041-461,Tomar,Porto
N656-8 18,Apto. 593,8885-342,São Salvador de Lordelo,Coimbra
N31 11,Lote 98,5140-752,Esmoriz,Viana do Castelo
N6 7,Lote 42,0856-078,Cantanhede,Évora
N0 30,Casa 0,6735-878,Almada,Leiria
N3 4,Lote 78,8393-562,Espinho,Viseu
N547 64,Casa 7,8029-247,Costa da Caparica,Castelo Branco
Avenida Sebastião Silva 821,Bloco 36,9079-443,Maia,Castelo Branco
N19 8,Lote 46,3491-736,Paços de Ferreira,Viseu
N26 8,Bloco 60,2617-758,Sines,Vila Real
N8 7,Casa 3,4630-867,Ovar,Faro
Calçada Marcos Batista 647,Casa 5,4662-890,Angra do Heroísmo,Faro
N862 004,Apto. 808,2781-629,Mêda,Aveiro
Bairro Lia Baptista 1094,Apto. 651,6846-410,São Salvador de Lordelo,Setúbal
N053 3,Apto. 958,2414-202,Vila Nova de Gaia,Braga
N27 52,Lote 68,6004-364,Santana,Portalegre
N2 638,Lote 62,6021-673,Paços de Ferreira,Bragança
N554 17,Bloco 93,9809-033,Portimão,Braga
N772-8 3154,Bloco 26,1594-624,Seia,Castelo Branco
N23 8275,Bloco 34,7577-074,Paredes,Viana do Castelo
N0 740,Casa 9,8423-704,São Mamede de Infesta,Aveiro
Alameda Flor Garcia 746,Bloco 00,2628-732,Pinhel,Coimbra
N100-5 042,Lote 67,3014-748,Trancoso,Guarda
N654 5,Bloco 42,9673-045,São João da Madeira,Aveiro
N257-1 9248,Bloco 70,6752-535,Serpa,Faro
N1 0149,Apto. 194,6572-626,São João da Madeira,Setúbal
N1 6,Apto. 023,6506-968,Macedo de Cavaleiros,Beja
N83 35,Lote 20,5947-854,Covilhã,Faro
N151 2339,Lote 96,5580-546,Lagos,Viana do Castelo
Azinhaga Santiago Branco 10,Bloco 87,7574-702,Costa da Caparica,Santarém
N5 522,Apto. 933,3186-112,Agualva-Cacém,Braga
N2 1,Bloco 35,3747-245,Loulé,Vila Real
N003 5,Bloco 84,4890-236,Angra do Heroísmo,Lisboa
N507 8051,Apto. 179,1377-057,Ovar,Évora
N393 69,Apto. 860,2882-495,Matosinhos,Porto
N922-0 1,Lote 44,8874-288,Faro,Castelo Branco
N07 4233,Bloco 78,2897-514,Montemor-o-Novo,Portalegre
N21 42,Casa 3,0652-530,Gandra,Setúbal
N697-5 70,Bloco 30,6635-273,Cartaxo,Porto
N20 7,Lote 72,2052-693,São Salvador de Lordelo,Viseu
N922 743,Bloco 77,9741-480,Estremoz,Guarda
N548-8 9572,Bloco 82,3094-580,Marco de Canaveses,Santarém
Beco Inês Sá 600,Lote 14,7045-402,Mirandela,Leiria
N7 2,Apto. 853,7367-721,Mirandela,Santarém
N88 3994,Lote 22,5593-745,Machico,Lisboa
N354-0 0059,Lote 04,6335-978,Santa Maria da Feira,Guarda
N7 43,Apto. 624,6204-820,Cartaxo,Bragança
N041-4 93,Lote 93,4331-975,Câmara de Lobos,Porto
Bairro Carla Antunes 5,Apto. 165,3373-497,Vila do Conde,Vila Real
N703-2 017,Casa 6,8800-015,Santarém,Coimbra
N561-2 9,Bloco 09,0977-612,Vila Baleira (a.k.a. Porto Santo),Évora
N751 7,Bloco 08,5524-426,Sacavém,Portalegre
Bairro Marta Vaz 533,Apto. 682,2792-627,Esmoriz,Lisboa
N60 024,Casa 7,1600-522,Beja,Évora
N189-9 53,Apto. 589,7483-059,Covilhã,Faro
N022 3102,Bloco 59,9219-072,Queluz,Lisboa
N272-8 7,Bloco 16,6491-072,Fafe,Bragança
N4 22,Casa 9,8652-131,Santa Cruz,Coimbra
N5 6740,Lote 79,7485-110,Viseu,Leiria
N1 2,Casa 0,4026-821,Mirandela,Braga
N943 12,Apto. 997,3005-195,Silves,Castelo Branco
N0 73,Bloco 74,8737-452,Porto,Coimbra
N08 4,Bloco 88,6381-063,Mêda,Leiria
N50 3943,Bloco 39,8132-546,Gafanha da Nazaré,Beja
N9 5,Bloco 32,5550-272,Ribeira Grande,Beja
N795-0 857,Bloco 69,6952-994,Maia,Porto
N803-2 0,Apto. 773,4891-710,Loulé,Faro
Caminho Romeu Teixeira 428,Lote 54,7728-281,Santo Tirso,Aveiro
N5 714,Casa 0,8180-821,Trofa,Aveiro
N20 43,Apto. 310,5401-880,Paços de Ferreira,Coimbra
Alameda Valter Mendes 9429,Bloco 61,4683-883,Moura,Bragança
N94 7,Lote 55,8153-963,Fátima,Vila Real
N2 13,Bloco 59,5679-961,Câmara de Lobos,Beja
N742-0 30,Apto. 059,6152-150,Aveiro,Évora
N5 9044,Casa 3,9417-990,Costa da Caparica,Leiria
N346-8 031,Bloco 93,1336-014,São Salvador de Lordelo,Bragança
N2 84,Apto. 883,5812-461,Ribeira Grande,Setúbal
N5 3,Casa 8,8463-741,Miranda do Douro,Vila Real
N623-2 9,Apto. 837,2331-662,Braga,Évora
N573-3 1,Bloco 34,1178-128,Póvoa de Varzim,Santarém
N835-8 58,Lote 08,0515-805,Lamego,Beja
N791-8 9609,Apto. 672,8834-865,Oliveira do Bairro,Viseu
N187-0 1623,Lote 86,9784-019,Entroncamento,Coimbra
N325-7 76,Lote 97,8900-480,Mirandela,Bragança
N2 2,Apto. 167,2127-814,Fiães,Viseu
N8 807,Casa 6,2854-314,Macedo de Cavaleiros,Viseu
N743 185,Lote 28,6138-012,Paços de Ferreira,Porto
N89 541,Lote 05,5729-315,Funchal,Aveiro
N53 2,Lote 23,9701-743,Peniche,Castelo Branco
N974-9 2287,Apto. 497,7078-402,Elvas,Viana do Castelo
N7 25,Lote 07,3691-108,Torres Vedras,Faro
N321 4,Bloco 25,2855-345,Vila Real,Lisboa
N61 5144,Lote 01,8094-738,Guarda,Beja
N603-0 1162,Bloco 87,0554-680,Estremoz,Bragança
Praceta Lara Simões 56,Bloco 20,4262-172,Loures,Faro
N803 9264,Lote 24,7186-457,Felgueiras,Viseu
N341 341,Apto. 899,6711-337,Guimarães,Évora
N119-8 965,Apto. 852,2384-196,Porto,Aveiro
N931 85,Bloco 77,9776-998,Mêda,Setúbal
N8 8756,Bloco 13,0351-210,Seixal,Beja
N4 187,Casa 0,0503-688,Vale de Cambra,Lisboa
N643-8 63,Bloco 12,7576-604,Figueira da Foz,Aveiro
N977 5,Apto. 111,5688-166,Penafiel,Lisboa
N879 7723,Apto. 510,9331-544,Queluz,Vila Real
N64 19,Casa 0,8732-976,Alcácer do Sal,Évora
N0 32,Bloco 82,9824-689,Mangualde,Braga
N171-4 511,Apto. 464,3510-126,Estarreja,Leiria
N18 674,Casa 2,4447-025,Vila do Conde,Braga
N0 6,Apto. 211,8965-924,Ovar,Vila Real
Caminho Luís Brito 2144,Apto. 192,6243-188,Beja,Aveiro
N4 63,Casa 8,9449-654,Ovar,Faro
N713 7,Casa 6,6414-289,Loures,Braga
N334-8 5494,Apto. 737,7550-583,Fátima,Coimbra
Alameda Juliana Matias 465,Bloco 96,0357-901,Viseu,Lisboa
N44 1208,Lote 25,4860-484,Santana,Viana do Castelo
N28 071,Casa 8,9562-298,Agualva-Cacém,Faro
Acesso Elias Cardoso 0,Lote 69,7740-001,Vila Nova de Gaia,Viseu
N730-8 22,Bloco 80,3853-378,Vila Nova de Santo André,Guarda
N649 5,Apto. 172,0131-885,Sabugal,Lisboa
N758 06,Bloco 91,6055-302,Gafanha da Nazaré,Viana do Castelo
N8 3992,Casa 9,3845-648,Valongo,Évora
N1 89,Lote 87,2492-741,Esmoriz,Castelo Branco
Urbanização Rita Branco 0,Apto. 831,0717-838,Paredes,Portalegre
N578-7 64,Casa 1,5934-262,Tondela,Santarém
N36 158,Casa 2,8831-473,Pombal,Santarém
N580 87,Casa 3,6472-280,Loures,Leiria
N91 0,Lote 99,6043-057,Seia,Bragança
N3 1,Bloco 11,5072-893,Lagoa,Vila Real
N15 68,Lote 16,9505-922,Ílhavo,Lisboa
N370-3 213,Lote 49,2301-508,Porto,Santarém
N3 712,Apto. 593,2536-432,Ponta Delgada,Faro
N495-6 56,Apto. 262,7055-311,Braga,Guarda
N630 212,Apto. 447,7343-576,Quarteira,Viana do Castelo
N2 4,Lote 65,8158-327,Santana,Porto
N629 9915,Bloco 11,5433-617,Peso da Régua,Lisboa
N136-5 0,Bloco 78,6306-418,Penafiel,Faro
Urbanização Áurea Garcia 5705,Casa 9,4788-460,Oliveira do Hospital,Aveiro
N7 991,Bloco 53,7612-876,Valongo,Guarda
N4 5143,Bloco 43,4621-378,Portalegre,Beja
N911 9,Bloco 12,5792-185,Vizela,Portalegre
N98 282,Lote 13,9497-054,Caldas da Rainha,Porto
Bairro Érica Pereira 586,Bloco 05,6774-601,Lamego,Leiria
N076-3 5,Apto. 036,3391-699,Santiago do Cacém,Aveiro
N146 26,Bloco 40,1299-626,Abrantes,Leiria
N90 5811,Bloco 07,7018-605,Sabugal,Santarém
Calçada Valter Coelho 1,Bloco 93,5440-251,Barcelos,Santarém
Largo César Guerreiro 207,Apto. 840,7546-205,Rebordosa,Vila Real
N438 43,Apto. 707,5725-862,Silves,Santarém
N957-0 052,Bloco 28,5015-112,Amarante,Faro
N7 34,Lote 51,3480-328,Paços de Ferreira,Santarém
N700 52,Lote 39,6145-221,Almada,Évora
Bairro Carlota Miranda 225,Apto. 617,3286-659,Moura,Portalegre
N3 206,Apto. 555,0211-985,Braga,Faro
Ladeira Sílvia Barbosa 6,Bloco 69,6444-141,Santa Cruz,Bragança
N461-8 331,Apto. 184,3931-258,Alfena,Beja
N65 6,Apto. 045,4459-951,Macedo de Cavaleiros,Castelo Branco
N921 3,Lote 91,9318-547,Vila Real,Porto
N3 74,Casa 5,0196-438,Fafe,Évora
N77 123,Casa 5,6136-731,Lagos,Portalegre
N219-2 8369,Casa 2,5546-379,Santa Cruz,Braga
N203 0,Apto. 944,4321-725,Moura,Bragança
Alameda Xavier Neto 95,Lote 91,8544-749,Machico,Portalegre
N896 326,Bloco 54,7143-618,Vila Nova de Gaia,Porto
N258-2 97,Casa 3,1152-524,Alcácer do Sal,Vila Real
N4 3266,Casa 4,8513-661,Figueira da Foz,Guarda
Jardim Tomé Moura 15,Bloco 79,2618-576,Gandra,Faro
N8 1028,Apto. 556,6199-365,Vila Nova de Famalicão,Santarém
N652-4 89,Bloco 68,2930-175,Sacavém,Faro
N183 4304,Apto. 253,0379-939,Rio Tinto,Aveiro
N79 9511,Bloco 37,9029-204,Quarteira,Leiria
N271 5,Bloco 48,1214-092,Castelo Branco,Setúbal
N434-2 079,Bloco 07,4391-062,Alfena,Vila Real
N829-7 393,Lote 52,3506-008,Póvoa de Varzim,Santarém
N38 0,Lote 58,0119-417,Castelo Branco,Viseu
N47 218,Apto. 477,2350-900,Penafiel,Bragança
N660 83,Casa 3,7682-547,Abrantes,Guarda
N9 2546,Bloco 01,4212-965,Santarém,Aveiro
N344 254,Apto. 756,0741-595,Lagoa,Portalegre
N425-5 40,Apto. 262,5344-760,Elvas,Évora
N47 69,Apto. 184,2606-245,Fundão,Beja
N8 623,Casa 4,9637-116,Lagos,Viseu
N8 2764,Casa 9,9703-110,Sacavém,Castelo Branco
N481 9,Lote 10,6291-735,Almada,Vila Real
Azinhaga Samuel Sá 10,Casa 9,0726-743,Mêda,Évora
N072-4 2595,Apto. 853,0451-248,Costa da Caparica,Porto
Praça Vítor Borges 864,Apto. 461,2696-169,Ribeira Grande,Coimbra
N928 802,Lote 88,8177-739,Ílhavo,Castelo Branco
Praça Tiago Barros 089,Casa 6,4209-867,Santana,Setúbal
N1 587,Bloco 80,9239-835,Loulé,Bragança
N666 0,Casa 6,8064-228,Seia,Braga
N6 1153,Casa 6,4006-424,Quarteira,Setúbal
N93 2,Lote 14,7353-140,Vila Nova de Foz Côa,Santarém
N19 3,Lote 85,2039-030,Angra do Heroísmo,Portalegre
Ladeira Melissa Neto 5,Lote 98,4808-152,Elvas,Faro
N6 44,Apto. 642,2722-674,Aveiro,Faro
Travessa Rui Martins 17,Apto. 735,1330-841,Aveiro,Viseu
N715 3,Bloco 26,9379-122,Felgueiras,Coimbra
Estrada Sílvia Domingues 0696,Lote 34,4285-249,Odivelas,Setúbal
N623 2938,Bloco 58,8472-060,Vila do Conde,Setúbal
N565-8 1,Apto. 487,1528-713,Cartaxo,Faro
N32 8,Casa 7,9378-529,Vila Nova de Santo André,Évora
N707-7 3601,Apto. 844,7741-022,Angra do Heroísmo,Braga
N266-0 4631,Bloco 91,4065-520,Vila Nova de Santo André,Bragança
N331-7 902,Bloco 97,6500-363,Moura,Vila Real
N92 2143,Apto. 670,0201-421,Ponta Delgada,Lisboa
N82 63,Lote 10,9865-651,Amora,Faro
N670 5,Casa 4,3494-152,Moura,Portalegre
Praceta Fernando Gonçalves 84,Bloco 26,1513-608,Braga,Aveiro
N29 4,Apto. 939,2643-775,Costa da Caparica,Leiria
N9 6,Bloco 91,1172-547,Bragança,Portalegre
N034-9 08,Casa 9,5141-017,Felgueiras,Portalegre
N59 7,Bloco 05,0105-702,Montemor-o-Novo,Braga
N1 172,Apto. 404,5283-289,Gandra,Vila Real
N2 2223,Bloco 43,2257-052,Trancoso,Aveiro
N881-5 922,Lote 94,0301-274,Fiães,Guarda
N50 4,Apto. 478,0614-893,Santarém,Santarém
N727 5,Lote 83,2771-805,Coimbra,Vila Real
Urbanização Leandro Martins 69,Lote 95,0427-066,Olhão da Restauração,Porto
N35 9674,Bloco 40,1816-532,Alcácer do Sal,Faro
N915-5 03,Bloco 09,2849-231,Trofa,Aveiro
Azinhaga Mateus Batista 3,Lote 68,6398-952,Funchal,Viseu
N0 9899,Bloco 01,7015-039,Trancoso,Guarda
Rua Ivo Araújo 36,Lote 10,6119-518,Torres Vedras,Faro
N314 78,Bloco 86,6777-829,Estremoz,Bragança
Praceta Daniel Amaral 7104,Apto. 188,2305-982,Vila Nova de Gaia,Castelo Branco
N55 8805,Lote 73,7625-875,Ourém,Braga
N727 5,Lote 54,3874-922,Fundão,Lisboa
N143 993,Lote 11,4972-596,Espinho,Portalegre
N499-6 2,Apto. 913,0907-725,Vila Nova de Santo André,Vila Real
N4 86,Apto. 013,3541-158,Ílhavo,Aveiro
N8 09,Casa 2,8279-566,Rio Maior,Beja
N03 3,Bloco 42,3030-150,Alcobaça,Aveiro
Estrada Lorena Brito 9,Bloco 13,6245-369,Odivelas,Beja
N13 0,Lote 10,8864-280,Portimão,Braga
N637-2 680,Lote 54,3687-335,Santiago do Cacém,Braga
N5 755,Bloco 64,4840-646,Loures,Braga
Urbanização Margarida Castro 9848,Lote 58,4685-131,Peniche,Coimbra
N0 192,Casa 4,6660-605,Paredes,Bragança
N9 07,Casa 4,1064-932,Vila do Conde,Aveiro
N60 1048,Bloco 40,8668-711,Vale de Cambra,Braga
N149-7 6284,Casa 0,5053-136,Valbom,Aveiro
N237-6 6,Lote 62,7977-074,Amarante,Santarém
Calçada Elias Machado 261,Bloco 95,3303-555,Guimarães,Castelo Branco
N39 067,Casa 1,4490-485,Braga,Setúbal
Estrada Débora Silva 1,Bloco 91,2128-160,Santa Maria da Feira,Évora
N6 0,Bloco 63,7002-177,Amadora,Vila Real
N229-7 12,Bloco 51,6988-752,Porto,Leiria
N238-8 928,Bloco 94,0802-113,Funchal,Viana do Castelo
N282 02,Casa 3,9929-578,Alcácer do Sal,Leiria
Travessa Melissa Rodrigues 3,Apto. 942,4314-440,Ponte de Sor,Beja
N93 2,Lote 39,6435-573,Pinhel,Viseu
Praceta Igor Antunes 42,Casa 2,4315-684,Faro,Lisboa
N248 0185,Bloco 20,3898-531,Ermesinde,Coimbra
Urbanização Renato Paiva 8,Apto. 048,1938-709,Braga,Évora
Avenida Emília Domingues 19,Lote 49,1819-516,Almada,Aveiro
N759 7,Bloco 95,7877-438,Valbom,Faro
N3 9,Bloco 46,5715-621,Tavira,Bragança
N79 619,Bloco 26,8330-443,Quarteira,Beja
Caminho Alice Ribeiro 2588,Lote 89,7112-945,Ribeira Grande,Évora
N616-5 110,Lote 74,3367-454,Seixal,Beja
N870-7 44,Bloco 23,0203-928,Lisbon,Faro
N5 663,Lote 94,4257-442,Câmara de Lobos,Leiria
Quinta Mia Oliveira 4,Bloco 76,1659-173,Vizela,Leiria
N360 9260,Casa 6,3109-899,São Salvador de Lordelo,Porto
N4 9,Casa 4,1750-112,Alcobaça,Vila Real
N7 6,Lote 37,9816-307,Montemor-o-Novo,Coimbra
N795 23,Lote 82,5453-046,Setúbal,Viana do Castelo
N11 86,Casa 1,8085-114,Mêda,Évora
Bairro Francisca Brito 329,Apto. 441,1659-215,Évora,Viana do Castelo
N71 725,Apto. 816,2532-428,Mealhada,Viseu
N28 827,Apto. 713,6317-311,Caniço,Coimbra
N736-0 9,Apto. 209,2553-375,Peso da Régua,Faro
Viela Moisés Soares 0427,Lote 48,2359-234,Tomar,Leiria
Travessa Jaime Andrade 0,Bloco 92,8095-289,Tarouca,Coimbra
Alameda Isabel Matias 5102,Apto. 891,8176-120,Freamunde,Leiria
N657 45,Casa 0,8096-809,Ovar,Leiria
N43 8,Bloco 20,1657-360,Rebordosa,Beja
Praceta Caetana Vaz 0,Lote 53,0075-467,Esposende,Santarém
N385-9 2,Lote 24,6057-854,Vila Nova de Foz Côa,Porto
N57 8,Lote 15,2925-810,Sines,Castelo Branco
N442-5 347,Bloco 40,2813-578,Loures,Braga
N062-6 03,Apto. 521,9614-686,Odivelas,Vila Real
N36 700,Lote 80,8697-185,Póvoa de Varzim,Évora
N856 66,Casa 4,9842-695,Queluz,Coimbra
Urbanização Marta Machado 16,Bloco 99,2624-601,Vizela,Viana do Castelo
N187 5280,Bloco 80,0346-502,Entroncamento,Braga
N97 5823,Apto. 551,7682-883,Marinha Grande,Vila Real
Viela Rafaela Anjos 91,Casa 9,3677-041,Marinha Grande,Setúbal
N94 7,Bloco 04,7449-385,Silves,Castelo Branco
N26 6625,Bloco 45,4684-768,Caniço,Porto
Azinhaga Fábio Cunha 541,Casa 6,0188-503,Entroncamento,Évora
Azinhaga Martim Anjos 8258,Apto. 755,7457-309,Faro,Portalegre
N7 092,Lote 70,9001-408,Lagos,Lisboa
N97 4,Lote 29,0575-724,Loures,Guarda
N67 4,Apto. 758,4914-511,Valbom,Coimbra
N226-1 7404,Casa 9,2167-355,Lagos,Santarém
N48 8,Apto. 602,7569-245,Funchal,Faro
Jardim Filipa Raposo 290,Bloco 14,8641-045,Ponta Delgada,Santarém
Urbanização Mafalda Freitas 3,Lote 30,8569-439,Caniço,Guarda
N880 3456,Lote 33,9938-133,Gafanha da Nazaré,Faro
N46 24,Bloco 23,7016-331,Lagos,Faro
N616-2 4107,Apto. 376,3019-259,Viana do Castelo,Évora
N199-4 13,Casa 5,2049-764,Costa da Caparica,Vila Real
Beco Santiago Mendes 6438,Casa 8,9286-489,Fátima,Beja
N340-5 3,Casa 9,3758-514,Viseu,Portalegre
N17 2,Casa 9,3003-809,Marinha Grande,Lisboa
N390 1,Lote 14,9978-537,Anadia,Coimbra
N23 8395,Bloco 78,2134-491,Maia,Bragança
N45 07,Lote 49,1250-686,Seixal,Leiria
Beco Valentina Cunha 666,Casa 0,6011-592,Ermesinde,Aveiro
N0 28,Apto. 614,8531-799,Oliveira de Azeméis,Castelo Branco
N27 3566,Apto. 444,7263-533,Loulé,Faro
N69 669,Bloco 33,4343-981,Trancoso,Viana do Castelo
N6 7,Casa 8,1140-502,Câmara de Lobos,Guarda
N3 75,Bloco 15,3611-638,Póvoa de Santa Iria,Beja
N224-9 040,Apto. 114,1467-223,Pombal,Santarém
N323 3502,Bloco 09,9207-182,Amarante,Beja
N595-8 53,Casa 1,3205-639,Portimão,Portalegre
N119 026,Casa 5,0807-418,Vila Franca de Xira,Leiria
N823-6 845,Casa 3,6754-435,Ílhavo,Santarém
Travessa César Amorim 097,Lote 63,9896-104,Estarreja,Setúbal
N579-0 55,Apto. 396,8437-184,Praia da Vitória,Vila Real
N69 0434,Bloco 07,8971-835,Vila Franca de Xira,Leiria
N527 5,Lote 96,2821-171,Santarém,Faro
Escadas Tomás Machado 25,Bloco 61,1882-011,Guarda,Aveiro
N591-3 0244,Casa 8,5362-185,Tavira,Évora
N9 26,Casa 6,4396-664,Valongo,Vila Real
Estrada Mafalda Figueiredo 866,Bloco 03,3040-012,Freamunde,Faro
N6 5,Apto. 087,7949-661,Ponta Delgada,Braga
N407 600,Bloco 12,1273-726,Torres Novas,Bragança
N724-6 0,Casa 2,0424-639,Marco de Canaveses,Santarém
N213 08,Lote 45,2167-334,Lisbon,Coimbra
N20 68,Lote 32,7220-792,Trancoso,Braga
N68 80,Apto. 220,8068-452,Santo Tirso,Porto
N773 030,Apto. 744,4344-183,Funchal,Portalegre
Praceta Renato Rodrigues 6,Lote 83,2773-351,Penafiel,Viana do Castelo
N36 0,Lote 00,7230-911,Tondela,Setúbal
N912 495,Casa 6,9810-826,Macedo de Cavaleiros,Guarda
N099-9 6,Lote 16,3268-683,Fafe,Coimbra
Jardim Simão Figueiredo 06,Apto. 068,4089-921,Esposende,Castelo Branco
N1 0892,Casa 5,6890-295,Olhão da Restauração,Leiria
Bairro Jaime Soares 4991,Bloco 44,9938-814,São Mamede de Infesta,Castelo Branco
N304-9 2,Apto. 172,6531-280,Santo Tirso,Viseu
N1 21,Lote 62,0114-935,Oliveira do Bairro,Portalegre
N716-4 00,Apto. 893,9566-956,Porto,Beja
N5 2,Apto. 549,1554-622,Rebordosa,Porto
N10 66,Apto. 923,0329-808,Sabugal,Leiria
N572-8 35,Casa 8,8038-758,Abrantes,Castelo Branco
N823-7 050,Lote 81,8740-198,Freamunde,Faro
N376-3 333,Apto. 454,7166-187,Vila Real de Santo António,Lisboa
N426 78,Casa 3,8387-647,Póvoa de Santa Iria,Viana do Castelo
N72 49,Apto. 904,8646-670,Angra do Heroísmo,Guarda
N348-8 35,Apto. 189,4338-897,Póvoa de Santa Iria,Santarém
N04 27,Casa 9,0060-948,Loures,Aveiro
Avenida Lorena Paiva 792,Apto. 085,9292-364,Silves,Porto
N21 3984,Casa 8,2231-290,Vila Franca de Xira,Setúbal
Largo Lara Vicente 1990,Casa 3,6503-745,Vila Nova de Famalicão,Lisboa
N78 9,Apto. 861,0408-848,Montemor-o-Novo,Vila Real
N764-6 034,Apto. 115,9175-794,Leiria,Viseu
N2 219,Casa 5,8255-447,Torres Novas,Lisboa
N72 6,Lote 31,5344-052,Elvas,Beja
N55 72,Bloco 44,9463-240,Maia,Faro
N545-6 9453,Apto. 449,3495-098,Fafe,Viseu
Alameda Aurora Baptista 516,Casa 4,6337-206,Portimão,Évora
N73 039,Apto. 546,4253-883,Gouveia,Viana do Castelo
N006 61,Lote 46,3568-818,Tarouca,Viseu
Travessa David Pires 998,Apto. 985,1056-653,Santarém,Coimbra
Caminho Rodrigo Gaspar 4835,Bloco 37,6702-493,Angra do Heroísmo,Évora
N42 29,Bloco 88,5985-525,São Salvador de Lordelo,Aveiro
N200 3,Apto. 699,7617-570,Torres Novas,Viseu
N101-2 003,Apto. 867,1931-311,Faro,Lisboa
Largo Lara Torres 59,Bloco 54,0531-906,Odivelas,Santarém
N97 2089,Lote 61,9886-256,Macedo de Cavaleiros,Portalegre
Caminho Carolina Pinheiro 147,Casa 7,5598-961,Ermesinde,Beja
N32 2,Bloco 71,1203-684,Santa Maria da Feira,Castelo Branco
N1 18,Lote 52,5171-835,Rio Maior,Viseu
N98 4140,Apto. 832,0210-646,Ribeira Grande,Évora
N8 173,Casa 2,2490-075,Montemor-o-Novo,Beja
Quinta Diogo Azevedo 2412,Casa 0,5554-944,Barcelos,Faro
N46 6828,Lote 65,5837-938,Paços de Ferreira,Portalegre
N512-4 58,Casa 5,0927-861,São Mamede de Infesta,Évora
N35 053,Lote 25,1253-954,Covilhã,Santarém
Azinhaga Hugo Castro 5009,Casa 5,9717-831,Felgueiras,Vila Real
N21 79,Lote 38,2352-252,Vale de Cambra,Santarém
N8 7,Casa 3,3384-144,Mirandela,Faro
N0 4851,Lote 21,5132-710,Costa da Caparica,Bragança
N47 325,Bloco 18,8736-384,Seia,Castelo Branco
N096-8 8093,Lote 43,7196-786,Ovar,Faro
N479 14,Lote 32,4695-324,Caldas da Rainha,Leiria
Largo Gil Ribeiro 106,Casa 3,6376-961,Macedo de Cavaleiros,Lisboa
N9 8740,Apto. 025,7073-945,Penafiel,Setúbal
Largo Josué Matias 158,Lote 75,1431-778,Mangualde,Vila Real
Acesso Benedita Barbosa 1031,Apto. 413,2176-414,Espinho,Braga
N6 155,Casa 8,7363-779,Anadia,Vila Real
Ladeira Valentina Cruz 444,Lote 07,3793-852,Peso da Régua,Braga
N577 044,Bloco 36,4435-678,Vila Real,Coimbra
N31 9,Bloco 25,0302-264,Sines,Lisboa
N035 0363,Bloco 59,4263-332,Reguengos de Monsaraz,Coimbra
Alameda Hugo Cardoso 78,Casa 5,4521-896,Reguengos de Monsaraz,Vila Real
Quinta Dinis Brito 0,Casa 4,9067-388,Macedo de Cavaleiros,Braga
N737 227,Casa 1,3477-750,Paços de Ferreira,Lisboa
Ladeira Emanuel Machado 363,Bloco 05,4362-397,Aveiro,Porto
N0 034,Casa 8,9010-220,Leiria,Viseu
N157 6,Lote 06,1218-001,Angra do Heroísmo,Coimbra
N93 881,Apto. 102,2717-117,Matosinhos,Porto
N682-0 3,Apto. 055,2904-903,Póvoa de Varzim,Vila Real
Viela Helena Torres 97,Apto. 608,8640-433,Águeda,Lisboa
N02 438,Casa 0,8768-584,Rio Maior,Beja
Caminho Ema Albuquerque 5,Bloco 95,7928-376,Figueira da Foz,Castelo Branco
N519 496,Lote 25,1607-354,Guarda,Évora
N5 8,Apto. 015,2186-031,Torres Vedras,Castelo Branco
N5 304,Casa 8,6321-019,Lourosa,Castelo Branco
Escadas Marcos Faria 8045,Lote 73,9006-984,Torres Novas,Bragança
Praça António Anjos 2,Apto. 391,4048-778,Santa Maria da Feira,Leiria
N272-2 63,Casa 3,1276-172,Santarém,Castelo Branco
N284 9,Bloco 52,8762-854,Marinha Grande,Faro
Azinhaga Filipe Moreira 9,Bloco 41,6212-328,Fafe,Viana do Castelo
N153 251,Casa 3,7478-528,Chaves,Portalegre
N13 815,Lote 67,1260-256,Faro,Lisboa
N51 3,Bloco 66,3678-113,Chaves,Bragança
N69 170,Casa 2,4900-312,Sabugal,Porto
N356-2 178,Lote 84,2559-000,Oliveira do Bairro,Lisboa
N04 70,Casa 8,2763-711,Guarda,Porto
Bairro Lia Mendes 05,Lote 50,0005-292,Coimbra,Porto
N0 06,Apto. 109,4220-311,Valpaços,Santarém
N1 869,Casa 0,2373-525,Câmara de Lobos,Braga
N4 0,Apto. 469,3321-118,Felgueiras,Porto
N91 7369,Lote 40,6834-255,Amarante,Portalegre
N935-9 0020,Bloco 97,6075-382,Olhão da Restauração,Leiria
N52 958,Lote 24,9559-770,Marco de Canaveses,Portalegre
N27 15,Casa 1,7231-824,Maia,Lisboa
Calçada Irina Assunção 03,Lote 35,3832-487,Figueira da Foz,Lisboa
N587 75,Apto. 995,8911-680,Vale de Cambra,Évora
Acesso Paula Leal 57,Casa 8,9307-119,Loures,Viseu
N2 3474,Casa 5,7927-035,Valpaços,Setúbal
N4 4557,Bloco 71,3621-063,Rebordosa,Aveiro
N376-4 940,Lote 49,3580-596,Vila Real,Viseu
N65 2100,Apto. 099,3615-035,Santarém,Faro
N4 67,Apto. 176,8881-820,Gandra,Porto
Rua Mafalda Martins 02,Bloco 24,8873-471,Oliveira do Hospital,Beja
N42 24,Apto. 961,9532-021,Vila Nova de Santo André,Castelo Branco
N68 3156,Apto. 913,5981-996,Santo Tirso,Coimbra
Quinta Mário Barros 25,Casa 5,6423-585,Reguengos de Monsaraz,Braga
N234-4 713,Bloco 00,2082-023,Porto,Évora
N069-0 9853,Lote 80,3963-631,Entroncamento,Guarda
N291 3,Bloco 33,8632-088,Valpaços,Porto
N794-6 68,Apto. 855,7527-279,Lourosa,Viana do Castelo
Urbanização Henrique Reis 619,Casa 7,2352-620,Montemor-o-Novo,Setúbal
N43 4107,Apto. 392,6214-838,Costa da Caparica,Aveiro
N848 5570,Bloco 31,4369-110,Braga,Guarda
N639-7 8967,Apto. 828,4357-261,Tondela,Lisboa
N187-1 0,Bloco 72,6352-171,Tarouca,Portalegre
N78 383,Bloco 52,0396-791,Caldas da Rainha,Viana do Castelo
N70 3492,Bloco 96,1247-963,Almeirim,Coimbra
Ladeira Salvador Cunha 002,Bloco 95,1974-747,São Salvador de Lordelo,Setúbal
N428 1535,Casa 8,5396-561,Cantanhede,Guarda
Praceta Marcelo Monteiro 5,Apto. 266,0671-666,Montemor-o-Novo,Porto
N4 612,Lote 06,2991-589,Quarteira,Castelo Branco
N827 2686,Casa 5,4491-267,Vila Baleira (a.k.a. Porto Santo),Faro
N367 19,Apto. 406,8726-338,Vizela,Faro
N85 44,Bloco 20,5873-438,Póvoa de Varzim,Lisboa
N244 1654,Bloco 98,3837-012,Trancoso,Santarém
N21 183,Casa 4,4964-553,Santarém,Coimbra
Quinta Beatriz Lima 16,Apto. 262,3833-595,Paredes,Santarém
N563 27,Casa 8,4862-513,Macedo de Cavaleiros,Setúbal
Viela Ígor Morais 964,Bloco 51,3494-741,Serpa,Viana do Castelo
N25 7920,Apto. 027,6297-560,Braga,Faro
N5 2949,Casa 8,3934-582,Tomar,Bragança
N389-2 5916,Casa 8,6097-221,Rio Tinto,Coimbra
N2 651,Casa 0,1889-905,Anadia,Leiria
N5 7776,Bloco 83,8685-229,Santana,Coimbra
N7 7154,Lote 79,0640-453,Câmara de Lobos,Castelo Branco
N12 056,Apto. 196,4672-111,Montijo,Faro
N9 0845,Lote 04,2438-499,Valongo,Beja
Bairro Rodrigo Magalhães 127,Apto. 184,2979-464,Serpa,Santarém
N62 6745,Bloco 40,4160-258,Évora,Faro
N77 3637,Lote 93,7063-330,Machico,Faro
N150 1,Casa 6,0305-916,Fiães,Aveiro
Azinhaga Francisca Moura 5623,Bloco 70,3090-144,Espinho,Castelo Branco
N8 47,Apto. 689,0763-716,Viseu,Setúbal
N093-0 988,Bloco 10,7472-436,Rebordosa,Viana do Castelo
N842-2 07,Bloco 01,5600-638,Santana,Braga
N493-6 136,Casa 9,3641-645,Lixa,Leiria
Praça Fernando Henriques 322,Casa 5,1059-617,Bragança,Aveiro
N4 8450,Casa 7,3987-716,Fafe,Aveiro
Caminho Helena Lourenço 456,Bloco 66,0458-178,Barcelos,Santarém
N2 7552,Casa 5,4122-040,Amora,Viseu
N158 2,Casa 6,1837-290,Sines,Santarém
N666 455,Bloco 45,6876-043,Praia da Vitória,Lisboa
N7 1315,Apto. 210,1981-027,Rio Maior,Beja
N985 1,Apto. 750,8162-523,Évora,Santarém
N74 651,Casa 7,7903-433,Marco de Canaveses,Portalegre
N794 7,Apto. 976,1286-462,Loulé,Bragança
N635 182,Lote 68,8066-812,Portimão,Évora
N137 1,Apto. 103,9711-595,Tavira,Porto
N9 623,Lote 84,7937-459,Amarante,Porto
N49 58,Casa 3,3916-479,Lisbon,Bragança
Calçada Raquel Vieira 70,Bloco 47,6963-743,Angra do Heroísmo,Santarém
N033 6,Lote 07,2932-393,Estarreja,Santarém
Quinta Gonçalo Carneiro 688,Apto. 540,9963-055,Caldas da Rainha,Portalegre
N707 9693,Apto. 026,4567-866,Oliveira do Hospital,Braga
N975 26,Bloco 61,0685-009,Entroncamento,Leiria
N113 6497,Bloco 68,8158-489,Fiães,Vila Real
N17 2301,Lote 33,7869-176,Mealhada,Viana do Castelo
Jardim Leonardo Reis 93,Apto. 333,9565-314,Estarreja,Castelo Branco
Alameda Joaquim Brito 1729,Lote 93,7934-826,Caldas da Rainha,Vila Real
N478 450,Lote 99,9021-093,Vila Real de Santo António,Santarém
N608 35,Casa 2,5009-274,Seixal,Bragança
N5 1,Bloco 86,6470-548,Penafiel,Coimbra
N194-9 2805,Casa 6,6557-718,Tondela,Évora
N028-2 2,Lote 25,8163-991,Marco de Canaveses,Vila Real
N395-8 41,Casa 5,0932-923,Fiães,Viana do Castelo
N220 053,Bloco 03,4896-746,Fátima,Coimbra
N1 850,Casa 4,3601-847,Santana,Setúbal
N053-8 221,Apto. 870,9050-687,Guimarães,Viseu
N895 53,Casa 5,5423-496,Felgueiras,Vila Real
N27 2949,Lote 57,6452-403,Anadia,Lisboa
N564-7 457,Lote 91,1486-233,Loures,Castelo Branco
N652 9477,Lote 37,8987-373,São Mamede de Infesta,Évora
N42 306,Casa 7,0963-375,Paredes,Setúbal
N020 33,Casa 0,3127-158,Ribeira Grande,Braga
N07 543,Bloco 43,9061-118,Elvas,Leiria
N67 557,Lote 43,0807-206,Castelo Branco,Braga
N656 3689,Casa 0,7410-880,São Mamede de Infesta,Lisboa
N04 8,Apto. 788,5118-016,Mealhada,Guarda
N247-3 114,Apto. 833,2787-423,Portimão,Porto
N45 961,Apto. 673,4427-822,Évora,Coimbra
N449-0 45,Casa 8,2180-505,Lagoa,Faro
N657 2,Casa 3,4989-773,Serpa,Faro
N238-7 4814,Apto. 286,5840-377,Maia,Beja
Largo Ricardo Alves 0,Casa 8,6196-933,Portimão,Coimbra
N80 821,Lote 66,8921-894,Freamunde,Viana do Castelo
N288-8 0750,Bloco 59,9674-044,Esposende,Faro
N480-7 85,Apto. 206,2899-662,Torres Vedras,Évora
N6 5,Casa 7,2383-863,Covilhã,Viseu
N57 5,Apto. 691,5812-005,Freamunde,Vila Real
N087 0,Lote 54,7983-587,Vila Real de Santo António,Beja
Avenida Tatiana Moreira 252,Apto. 496,0261-142,Sabugal,Portalegre
N588-0 2,Apto. 232,6722-582,Valpaços,Braga
N95 8,Bloco 62,2575-621,Fiães,Beja
N389-4 462,Apto. 156,9413-784,Lourosa,Viseu
Quinta Bárbara Abreu 6901,Casa 5,9068-209,Oliveira de Azeméis,Braga
N4 6705,Apto. 879,0156-272,Matosinhos,Beja
N294 4146,Lote 45,3458-265,Marinha Grande,Portalegre
N23 7,Casa 3,8811-454,Pombal,Bragança
N80 9,Casa 0,4841-288,Póvoa de Varzim,Bragança
N722-0 717,Lote 77,1872-116,Barcelos,Faro
N039-7 97,Bloco 73,0509-811,Vale de Cambra,Setúbal
N732-7 5353,Lote 52,4939-310,Vila Franca de Xira,Santarém
N8 5,Casa 7,9115-470,Faro,Viana do Castelo
N28 380,Bloco 66,7954-459,Entroncamento,Braga
N173-7 777,Apto. 236,2396-184,Elvas,Beja
N0 2358,Lote 85,9144-372,Vila Nova de Foz Côa,Lisboa
Caminho Ivan Soares 40,Lote 25,5179-018,Ribeira Grande,Beja
Acesso Gustavo Pinheiro 577,Lote 64,6465-002,Rio Tinto,Coimbra
N051 4756,Apto. 606,1143-285,Mirandela,Portalegre
N153 101,Lote 98,8034-981,Seia,Setúbal
Praceta Caetana Domingues 0,Bloco 28,2381-557,Lisbon,Santarém
N614 1,Casa 7,3913-660,Mirandela,Lisboa
N422 06,Lote 30,7205-699,Portalegre,Aveiro
N76 6,Bloco 55,0296-984,Póvoa de Varzim,Aveiro
N8 9928,Lote 91,9632-486,Ponte de Sor,Porto
N03 25,Casa 0,8661-211,Montijo,Vila Real
N94 745,Casa 3,9910-001,Estremoz,Bragança
N6 3,Bloco 93,6946-279,Valpaços,Braga
Ladeira Vera Ramos 034,Casa 1,1473-196,Horta,Bragança
N47 005,Bloco 82,8551-927,Loures,Beja
Jardim António Soares 6,Apto. 261,3732-533,Aveiro,Viana do Castelo
N76 8398,Casa 2,4862-843,Almeirim,Santarém
N448 5,Apto. 354,0403-527,Praia da Vitória,Bragança
N487 5705,Apto. 574,4894-541,São João da Madeira,Setúbal
N029-9 27,Casa 1,7036-548,Caldas da Rainha,Porto
N638 678,Apto. 268,3233-046,Horta,Castelo Branco
N523-2 12,Casa 1,2447-902,Esmoriz,Aveiro
N638 317,Lote 68,7777-532,Ourém,Coimbra
N93 3,Lote 57,2415-021,Alcácer do Sal,Porto
N584-7 0116,Apto. 427,4154-712,Machico,Santarém
N411 762,Bloco 73,4268-276,Vale de Cambra,Aveiro
N9 2024,Bloco 22,6282-477,Estarreja,Évora
N420 7461,Bloco 81,5728-932,Ponta Delgada,Coimbra
N53 74,Apto. 113,4002-535,Covilhã,Viana do Castelo
N44 55,Bloco 85,6192-913,Viana do Castelo,Coimbra
N250-1 38,Apto. 824,8604-607,Espinho,Viana do Castelo
Acesso Débora Ribeiro 3,Casa 0,8716-043,Beja,Faro
N233-4 955,Bloco 53,1280-428,Oliveira de Azeméis,Bragança
N06 8738,Bloco 21,3407-167,Lourosa,Évora
N57 36,Apto. 822,4726-173,Paços de Ferreira,Santarém
Estrada Olívia Campos 84,Lote 41,4356-619,Loulé,Santarém
Rua Rui Jesus 1593,Casa 6,3815-730,Caldas da Rainha,Castelo Branco
N965 313,Casa 3,3182-468,Viseu,Lisboa
N1 019,Bloco 74,7944-689,Vila Nova de Gaia,Viseu
N59 5,Casa 1,4622-987,Lourosa,Aveiro
N251-2 861,Lote 52,9137-096,Horta,Faro
N3 4996,Lote 48,8397-545,Vale de Cambra,Aveiro
N562 9,Bloco 90,7175-490,Odivelas,Viana do Castelo
N3 2,Bloco 80,5398-735,Amarante,Beja
N686 656,Lote 21,7881-813,Marinha Grande,Guarda
N690-6 117,Casa 5,0968-253,Almada,Braga
N4 38,Casa 8,2953-548,Rebordosa,Setúbal
N95 39,Casa 6,0315-683,Fundão,Setúbal
N9 7,Apto. 690,0656-520,Vila Nova de Foz Côa,Beja
N8 960,Bloco 52,3360-140,Mealhada,Braga
Acesso Raquel Simões 169,Apto. 614,7558-694,Tomar,Porto
N3 24,Lote 01,3828-853,Mealhada,Coimbra
N74 3,Apto. 498,8928-284,Guarda,Aveiro
N900 90,Casa 9,0376-354,Câmara de Lobos,Viana do Castelo
N3 8259,Apto. 152,8820-652,Valongo,Guarda
N80 316,Apto. 336,9549-232,Vila Nova de Foz Côa,Leiria
N107-5 86,Bloco 30,3666-581,Fundão,Faro
N424 4,Casa 1,4224-570,Oliveira do Bairro,Viana do Castelo
Bairro Afonso Sá 9,Apto. 015,7245-893,Albufeira,Braga
N208 197,Apto. 257,2330-846,Chaves,Viana do Castelo
N75 61,Bloco 63,1154-358,Ourém,Guarda
N80 35,Apto. 752,6768-118,São Salvador de Lordelo,Lisboa
N833 8838,Lote 57,6372-759,Estarreja,Aveiro
N15 3,Casa 6,7552-883,Vendas Novas,Portalegre
N503-0 70,Lote 65,8345-537,Gouveia,Portalegre
Praça Rúben Vicente 6017,Apto. 404,2170-125,Valpaços,Évora
N29 6,Casa 2,5873-391,Vila Nova de Foz Côa,Braga
Acesso Valter Pacheco 85,Lote 00,8289-970,Rebordosa,Portalegre
Jardim Martim Pinheiro 5,Bloco 24,7180-989,Amora,Braga
N92 2,Bloco 10,9164-970,Olhão da Restauração,Évora
N79 1230,Lote 89,0181-054,Póvoa de Varzim,Évora
N771 929,Apto. 764,1220-213,Viseu,Beja
N648 52,Lote 64,3917-863,Freamunde,Braga
N06 610,Lote 84,6322-634,Oliveira de Azeméis,Portalegre
N6 6,Bloco 35,3032-692,Entroncamento,Lisboa
N409-8 788,Lote 99,2867-133,Santa Comba Dão,Portalegre
N56 9452,Bloco 43,5462-482,Barcelos,Porto
N10 1770,Bloco 26,0953-395,Beja,Viana do Castelo
N6 43,Lote 18,7513-896,Faro,Faro
Largo Margarida Silva 2244,Casa 6,2529-432,Paços de Ferreira,Aveiro
N253 165,Apto. 348,9125-462,Vila Real,Santarém
Largo Sofia Figueiredo 14,Bloco 28,9102-815,Valpaços,Lisboa
N84 3,Lote 92,7298-065,Sines,Leiria
Viela Emanuel Pinho 930,Bloco 84,4963-932,Seixal,Guarda
N70 06,Apto. 152,7316-104,Vila Real,Castelo Branco
N2 0027,Lote 37,3794-011,Vizela,Castelo Branco
N14 4802,Apto. 348,3729-090,Felgueiras,Vila Real
N000-6 8009,Lote 67,3244-808,Estarreja,Viana do Castelo
N99 522,Apto. 040,7049-529,Leiria,Castelo Branco
N527-1 4796,Bloco 82,8242-927,Queluz,Guarda
Calçada Benedita Martins 227,Apto. 007,7052-008,Silves,Porto
N73 79,Lote 13,2424-115,Tondela,Porto
N907-7 9321,Casa 1,3490-528,São Mamede de Infesta,Viseu
N5 7509,Bloco 08,6892-010,Tarouca,Leiria
Acesso Clara Gaspar 89,Lote 25,6540-318,Barcelos,Viseu
N430-5 6923,Bloco 12,4298-417,Esposende,Vila Real
N4 89,Casa 1,1342-788,Évora,Viana do Castelo
N3 1679,Bloco 89,5263-458,Anadia,Guarda
N41 2,Apto. 051,8275-328,Costa da Caparica,Viseu
N612 0,Bloco 93,1256-396,Tavira,Bragança
N88 6547,Apto. 336,2432-729,Vila Nova de Gaia,Portalegre
N7 349,Lote 21,4916-522,Vila Nova de Gaia,Castelo Branco
N919-5 35,Lote 62,0473-241,São Mamede de Infesta,Leiria
Urbanização Gabriela Loureiro 6,Apto. 281,2526-066,Ermesinde,Porto
N8 0551,Bloco 64,3263-337,Aveiro,Braga
N588-8 06,Bloco 35,4950-860,Montemor-o-Novo,Faro
N159 1,Bloco 45,6652-426,Santa Maria da Feira,Bragança
N328-3 7237,Casa 3,2147-166,Lixa,Évora
N230-5 4145,Casa 1,8380-456,Horta,Castelo Branco
N158-7 43,Lote 89,0363-260,Vila Franca de Xira,Lisboa
N34 79,Apto. 978,5972-099,Quarteira,Évora
Travessa Luena Castro 117,Lote 38,5491-014,Barcelos,Évora
N72 1,Lote 66,4390-534,Angra do Heroísmo,Castelo Branco
N9 7900,Apto. 749,3758-277,Santo Tirso,Portalegre
N79 2,Lote 50,2440-925,Quarteira,Aveiro
Urbanização Fernando Vaz 838,Bloco 81,4505-488,Marinha Grande,Setúbal
Urbanização Henrique Domingues 2369,Apto. 478,9475-132,Valongo,Viseu
N1 1,Lote 65,7556-694,Chaves,Évora
N7 5,Casa 9,3939-171,Setúbal,Santarém
Caminho Ângelo Melo 0,Casa 4,7820-583,Gouveia,Bragança
N7 561,Apto. 032,7983-455,Mêda,Castelo Branco
N80 1768,Lote 68,3311-295,Felgueiras,Castelo Branco
Caminho Hugo Ribeiro 17,Casa 5,6888-347,Santarém,Évora
Alameda Carlos Azevedo 96,Lote 79,0431-978,Penafiel,Viseu
N76 53,Apto. 457,6300-389,Vila do Conde,Bragança
N0 431,Casa 2,7649-700,Aveiro,Leiria
N13 8,Lote 50,0549-590,Ermesinde,Évora
N949-9 9862,Bloco 38,1574-726,Rebordosa,Évora
N633-0 699,Lote 15,8009-508,Aveiro,Leiria
Azinhaga Manuel Cardoso 9924,Apto. 407,7612-013,Seixal,Faro
Praça Elisa Lima 2330,Casa 4,1444-161,Estarreja,Porto
N9 29,Casa 0,5321-478,Trancoso,Évora
N7 2876,Casa 0,4736-778,Queluz,Viana do Castelo
Caminho Vera Cunha 6,Bloco 76,9432-451,Odivelas,Guarda
N23 4645,Lote 06,1709-520,Paredes,Santarém
N382 53,Apto. 732,9047-353,Sines,Faro
N829 90,Casa 5,3014-082,Odivelas,Faro
N524-8 6941,Casa 1,6253-857,Águeda,Viana do Castelo
N716-0 3,Apto. 429,5348-171,Felgueiras,Santarém
N90 9036,Apto. 367,0702-055,Fundão,Leiria
N6 984,Lote 43,6191-177,Aveiro,Évora
Jardim Aurora Domingues 5623,Casa 5,2961-223,Matosinhos,Guarda
N32 2,Apto. 214,2651-420,Pombal,Viseu
N703 2,Bloco 52,3257-158,Caldas da Rainha,Vila Real
N70 8579,Casa 4,8376-180,Castelo Branco,Coimbra
N018-5 042,Casa 4,7806-114,Torres Vedras,Braga
Ladeira Rafael Brito 1,Bloco 63,0095-079,Vila Nova de Foz Côa,Beja
N4 675,Apto. 607,2680-724,Coimbra,Santarém
N5 051,Bloco 58,0054-178,Mangualde,Coimbra
N018-8 4251,Bloco 82,9012-253,Macedo de Cavaleiros,Guarda
Jardim Benedita Figueiredo 131,Lote 23,8752-545,Esmoriz,Bragança
N904-1 58,Casa 5,4956-539,Espinho,Guarda
N792-6 6999,Bloco 11,1455-156,Évora,Lisboa
N20 18,Lote 01,4851-488,Peniche,Viana do Castelo
N855 9740,Casa 7,2702-703,Póvoa de Santa Iria,Coimbra
N661-0 1,Apto. 853,5601-082,Fiães,Bragança
N173-0 8573,Lote 35,5303-635,Tavira,Setúbal
Quinta Soraia Freitas 1,Lote 84,5529-431,Mêda,Faro
N498 447,Bloco 33,2938-041,Peso da Régua,Braga
N84 9,Bloco 76,7158-634,Mealhada,Aveiro
Travessa Carmo Gaspar 7850,Apto. 258,9411-125,Estremoz,Viseu
N701-6 599,Casa 7,7488-705,Torres Vedras,Faro
N7 404,Bloco 19,4585-653,Caniço,Porto
N688-6 8,Lote 58,2542-154,Beja,Bragança
N6 3805,Lote 47,4190-216,Mangualde,Coimbra
N0 320,Bloco 95,3363-473,São João da Madeira,Viseu
N935 8737,Bloco 36,5238-879,Freamunde,Beja
N775 1395,Bloco 57,7732-773,Gouveia,Beja
N8 036,Lote 49,1772-548,Ílhavo,Évora
N07 78,Bloco 24,5495-221,Valbom,Braga
N351-3 90,Casa 2,1468-674,Vila Real,Porto
N53 57,Bloco 71,4731-609,Serpa,Aveiro
N7 525,Apto. 501,2719-211,Ponta Delgada,Viana do Castelo
N040-8 74,Lote 46,6853-894,Valongo,Faro
N836 5,Bloco 71,7475-113,Valongo,Leiria
N002-7 683,Bloco 57,3613-946,Póvoa de Santa Iria,Setúbal
N457 6347,Casa 4,6502-819,Estremoz,Beja
N56 73,Bloco 02,6243-130,Vila Baleira (a.k.a. Porto Santo),Viana do Castelo
N97 6568,Casa 6,6168-836,São Salvador de Lordelo,Coimbra
N024-0 067,Bloco 46,2366-502,Guimarães,Setúbal
N712 825,Casa 8,2129-132,Seia,Vila Real
N317 80,Apto. 479,7488-545,Sines,Braga
N130-6 552,Lote 74,6268-516,Lixa,Castelo Branco
Calçada Feliciano Simões 23,Casa 8,5966-136,Alcácer do Sal,Coimbra
N7 2,Bloco 36,6367-074,Fundão,Porto
N918-0 02,Bloco 89,6608-701,Seixal,Leiria
N628-2 89,Casa 4,6791-337,Vila Real,Castelo Branco
N6 7804,Lote 91,5126-472,Horta,Castelo Branco
N082 56,Bloco 82,4526-468,Faro,Castelo Branco
Beco Mara Borges 3,Lote 51,8560-939,Vila Baleira (a.k.a. Porto Santo),Santarém
N62 8,Lote 49,1435-808,Entroncamento,Viana do Castelo
Calçada Manuel Freitas 355,Apto. 314,8405-148,Alcácer do Sal,Setúbal
N752-9 7,Apto. 574,0545-621,Guimarães,Braga
N675-4 8699,Lote 44,1743-337,Santana,Viseu
N68 2,Apto. 042,5753-639,Silves,Castelo Branco
N460-6 5756,Apto. 420,8317-408,Beja,Aveiro
N202 83,Casa 5,0429-137,Fundão,Braga
N94 708,Bloco 24,9311-050,Santa Maria da Feira,Castelo Branco
N649 357,Bloco 24,3321-714,Seia,Lisboa
N5 173,Bloco 49,0981-743,Pinhel,Guarda
N439-6 6818,Bloco 74,2477-726,Ribeira Grande,Guarda
N901 6,Casa 8,9702-369,Póvoa de Santa Iria,Braga
N19 8977,Casa 6,2191-903,Leiria,Setúbal
N30 051,Bloco 62,1275-667,Alcácer do Sal,Évora
N563 11,Lote 46,3173-788,Valongo,Castelo Branco
N28 696,Bloco 78,2261-191,Reguengos de Monsaraz,Lisboa
Alameda Ivan Esteves 4,Bloco 51,3198-092,Lourosa,Évora
Urbanização Valter Raposo 749,Casa 9,0938-751,Santa Maria da Feira,Setúbal
Praceta Sandro Fernandes 57,Casa 6,3373-101,Tavira,Coimbra
N521-9 931,Lote 45,7521-424,Faro,Portalegre
N240-2 6834,Casa 9,4184-355,Bragança,Beja
N33 16,Apto. 229,4253-265,Costa da Caparica,Santarém
N563 141,Apto. 598,4039-139,Reguengos de Monsaraz,Leiria
N218 62,Bloco 00,5851-562,Machico,Santarém
N195-8 4465,Casa 9,2588-547,Praia da Vitória,Guarda
Bairro Alexandre Campos 7657,Apto. 944,8918-817,Vizela,Portalegre
N95 4613,Casa 7,7258-595,Santa Cruz,Coimbra
N71 28,Casa 3,9841-693,Alfena,Beja
Jardim Raquel Santos 64,Lote 91,4656-814,Serpa,Castelo Branco
N373 1063,Casa 7,3520-379,Almada,Guarda
Avenida Sérgio Cruz 0368,Lote 66,1599-998,Marinha Grande,Aveiro
N11 64,Casa 5,6641-532,Leiria,Coimbra
N4 5,Bloco 01,2321-770,Vila Real de Santo António,Viana do Castelo
Escadas Elias Borges 40,Casa 9,1968-392,Santarém,Aveiro
N468-5 936,Casa 7,5457-496,Vila Nova de Santo André,Lisboa
N748 1954,Lote 05,8929-448,Rio Tinto,Santarém
N523 1,Bloco 30,5931-612,Amarante,Porto
N56 628,Bloco 74,8009-941,Almeirim,Castelo Branco
N7 422,Casa 8,7265-532,Esposende,Viana do Castelo
N855 87,Casa 4,6159-538,Macedo de Cavaleiros,Viana do Castelo
N373-0 0985,Bloco 64,3603-659,Figueira da Foz,Beja
N8 2,Casa 8,2618-638,Fátima,Viana do Castelo
N7 0077,Apto. 483,7983-979,Rio Maior,Viana do Castelo
N279 2,Apto. 058,0690-793,Rebordosa,Leiria
N41 03,Bloco 61,7105-904,Caniço,Vila Real
N6 6,Apto. 209,9417-950,Ourém,Lisboa
N067 929,Lote 65,7932-709,Ermesinde,Porto
N856-7 3,Apto. 233,5302-340,Paredes,Évora
Jardim Lourenço Nogueira 97,Bloco 99,8770-397,Ponte de Sor,Évora
N9 0766,Casa 2,1346-981,Santa Cruz,Viana do Castelo
N0 75,Casa 7,2915-705,Loulé,Guarda
N545 9,Bloco 25,8632-682,Évora,Évora
N549-3 288,Bloco 32,3332-760,Miranda do Douro,Vila Real
N5 7476,Bloco 48,3161-583,Fafe,Viana do Castelo
N115-2 6,Bloco 86,6269-187,Évora,Castelo Branco
N445 951,Apto. 959,9278-442,Gandra,Portalegre
Caminho André Soares 040,Casa 5,4630-193,Beja,Coimbra
N82 36,Lote 42,0620-550,Alfena,Portalegre
N18 2,Bloco 94,1402-127,Freamunde,Porto
N7 1,Casa 7,3336-204,Faro,Coimbra
N708-8 349,Casa 2,9208-721,Amarante,Leiria
N761 9,Casa 7,3224-765,Alcácer do Sal,Lisboa
N230-5 6,Bloco 12,0883-656,Montijo,Aveiro
N9 559,Apto. 706,6606-009,Faro,Beja
N771 2,Lote 81,3455-346,Funchal,Beja
N2 5665,Lote 43,3500-481,Gafanha da Nazaré,Setúbal
N86 54,Casa 7,2536-045,Gafanha da Nazaré,Vila Real
N1 69,Casa 4,8526-573,Vila Nova de Santo André,Portalegre
N7 1710,Apto. 421,4810-232,Entroncamento,Viseu
N541-3 2119,Bloco 61,6647-313,Ponte de Sor,Coimbra
N005-9 33,Bloco 16,7425-837,Quarteira,Viana do Castelo
N854 3,Bloco 98,0256-092,Miranda do Douro,Porto
N307 6830,Apto. 277,4691-228,Gafanha da Nazaré,Aveiro
Azinhaga Safira Domingues 4126,Lote 07,2094-643,Rebordosa,Beja
N093-5 6,Lote 83,2351-456,Lisbon,Leiria
N279-7 028,Casa 4,2677-129,Santiago do Cacém,Braga
Quinta Afonso Freitas 54,Casa 4,0309-023,Gouveia,Vila Real
Praceta César Saraiva 58,Lote 85,8003-212,Lisbon,Aveiro
N256-2 11,Bloco 73,5060-173,Águeda,Beja
N849-0 3,Casa 1,2372-309,Horta,Viseu
N22 417,Bloco 30,0591-227,Águeda,Faro
N98 9,Lote 91,8233-708,Reguengos de Monsaraz,Faro
Azinhaga Natália Costa 944,Casa 6,3786-416,Chaves,Lisboa
N244-6 91,Casa 6,4351-537,Vila Nova de Gaia,Leiria
N928-9 569,Lote 53,2604-596,Tomar,Santarém
N890-4 01,Lote 18,6237-091,Fátima,Santarém
Travessa Nuno Rodrigues 0,Apto. 325,5626-886,Portalegre,Porto
N556 33,Casa 2,6299-511,Peniche,Setúbal
N960-0 0,Lote 33,7894-323,Aveiro,Viseu
N936 59,Apto. 012,8600-061,Coimbra,Bragança
Calçada Vânia Abreu 4,Lote 76,3992-135,Macedo de Cavaleiros,Braga
N757-6 4795,Lote 00,6591-963,Vila Nova de Gaia,Coimbra
Acesso Irina Moreira 091,Casa 8,9804-687,Leiria,Viseu
Praceta Maria Paiva 30,Bloco 29,3974-589,Lamego,Faro
N868 376,Bloco 64,5818-190,Alfena,Santarém
Calçada Margarida Leite 5,Lote 46,4383-005,Pombal,Beja
N34 6,Casa 0,7052-809,Loulé,Évora
N667-7 1649,Bloco 67,9373-014,Caniço,Porto
Alameda Alexandra Cardoso 858,Apto. 924,4228-933,Machico,Aveiro
Travessa Gabriela Torres 0,Bloco 13,5310-148,Ourém,Viseu
N678 2,Apto. 098,4115-089,Felgueiras,Portalegre
N112-8 923,Lote 60,3726-066,Tomar,Braga
N91 82,Apto. 107,5067-648,Odivelas,Braga
N632-4 4274,Casa 2,3637-044,Mangualde,Braga
N197-5 2675,Lote 40,9066-720,Vila Nova de Famalicão,Castelo Branco
N637-9 841,Casa 9,4835-774,Caniço,Vila Real
Travessa Alice Sá 961,Lote 04,6220-847,Ermesinde,Évora
N81 1,Apto. 414,8242-460,Santo Tirso,Porto
N0 47,Bloco 85,8523-732,Ponte de Sor,Lisboa
N98 6,Casa 8,0337-645,Fundão,Braga
N4 104,Lote 00,5907-090,Santarém,Aveiro
N4 0,Casa 0,2770-384,Praia da Vitória,Évora
N195-0 836,Apto. 995,0042-995,Santo Tirso,Viana do Castelo
N04 2237,Lote 07,2797-952,Porto,Viana do Castelo
N50 53,Apto. 900,9837-924,Guarda,Viana do Castelo
N431 2,Bloco 93,0998-643,Lixa,Setúbal
N1 805,Apto. 212,3669-552,Faro,Faro
